{"cameraMode":{"drawMode":0,"name":"Shaded","section":"Shading Mode"},"sceneLighting":false,"audioPlay":false,"sceneViewState":{"showFog":true,"showMaterialUpdate":true,"showSkybox":true,"showFlares":true,"showImageEffects":true,"showParticleSystems":true},"in2DMode":false,"pivot":{"x":-17.85000228881836,"y":16.999998092651368,"z":-73.24697875976563},"rotation":{"x":-0.20133860409259797,"y":-0.7870696187019348,"z":0.3293498158454895,"w":-0.4811578691005707},"size":478.7740783691406,"orthographic":false}