{"cameraMode":{"drawMode":0,"name":"Shaded","section":"Shading Mode"},"sceneLighting":false,"audioPlay":false,"sceneViewState":{"showFog":true,"showMaterialUpdate":true,"showSkybox":true,"showFlares":true,"showImageEffects":true,"showParticleSystems":true},"in2DMode":false,"pivot":{"x":-146.10000610351563,"y":-39.400001525878909,"z":-1.0939674377441407},"rotation":{"x":-0.07758817821741104,"y":-0.12734757363796235,"z":0.009994973428547383,"w":-0.9887683391571045},"size":64.67037963867188,"orthographic":false}