{"cameraMode":{"drawMode":0,"name":"Shaded","section":"Shading Mode"},"sceneLighting":false,"audioPlay":false,"sceneViewState":{"showFog":true,"showMaterialUpdate":true,"showSkybox":true,"showFlares":true,"showImageEffects":true,"showParticleSystems":true},"in2DMode":false,"pivot":{"x":0.2152613401412964,"y":1.8871887922286988,"z":2.4177021980285646},"rotation":{"x":-0.08703811466693878,"y":-0.06032202020287514,"z":0.0052819931879639629,"w":-0.994363009929657},"size":0.3771727979183197,"orthographic":false}