{"cameraMode":{"drawMode":0,"name":"Shaded","section":"Shading Mode"},"sceneLighting":true,"audioPlay":false,"sceneViewState":{"showFog":true,"showMaterialUpdate":true,"showSkybox":true,"showFlares":true,"showImageEffects":true,"showParticleSystems":true},"in2DMode":false,"pivot":{"x":116.76446533203125,"y":-12.699285507202149,"z":46.63276672363281},"rotation":{"x":0.03572319075465202,"y":0.3266434371471405,"z":-0.012358070351183415,"w":0.9443914890289307},"size":1432.1324462890625,"orthographic":false}