{"cameraMode":{"drawMode":0,"name":"Shaded","section":"Shading Mode"},"sceneLighting":false,"audioPlay":false,"sceneViewState":{"showFog":true,"showMaterialUpdate":false,"showSkybox":true,"showFlares":true,"showImageEffects":true,"showParticleSystems":true},"in2DMode":false,"pivot":{"x":0.0,"y":-0.36399999260902407,"z":0.4909999966621399},"rotation":{"x":-0.2995436191558838,"y":-0.19203181564807893,"z":0.061686284840106967,"w":-0.932519257068634},"size":1.0064159631729127,"orthographic":false}